Parameter,ESM-IF1,Pythia,FoldX,DDGun3D,StabilityOracle,ddmbc_aa_ridge,Rose1985,Kyte-Doolittle
A,-0.343667382906474,-0.374187511007267,-0.547861043308915,0.369760423077663,0.0588224522252024,-0.831890382894288,86.6,1.8
C,0.163276808097711,0.27896217083603,0.699120638923262,1.01285818780864,-0.051744254535169,-0.194506305034454,132.3,2.5
D,-0.72454544575047,-0.588495708905782,-0.710000463326589,0.0169128559060983,-0.34025591425227,-0.582025404177123,97.8,-3.5
E,-0.272816352692793,-0.250476613511006,-0.163563828357485,0.504039649499737,-0.231540034893696,-0.0203323897045937,113.9,-3.5
F,0.404744709964852,0.449991466206345,0.51489389512439,-0.718216070459873,0.55353596352458,0.409288728492564,194.1,2.8
G,-0.747828013609746,-0.729591885498684,-1.08324698909116,0.69694949809497,-0.0123022167475569,-1.1435024895899,62.9,-0.4
H,-0.387249220295242,-0.0626113462380614,-1.0347169237981,-0.977365405133146,-0.0379429952391328,-0.370679996134985,155.8,-3.2
I,0.810594745426391,0.549382043268727,1.20357786105429,-0.194330864419234,0.486117663533622,1.15641995554801,158,4.5
K,-0.437089282308232,-0.416244362895755,-0.859998186551602,0.565107546823584,-0.129362532101857,-0.31106915892922,115.5,-3.9
L,0.668015887273273,0.332858605521075,0.646407031198244,-0.385033826438765,0.243017289424491,0.931751996898284,164.1,3.8
M,0.538288710158626,0.731666545475313,0.0696972662616049,0.0194997496637058,0.0107414178450591,0.443753739863398,172.9,1.9
N,-0.368653931418764,-0.426782129767274,-0.195584278678573,0.539766521280928,-0.369246401136483,-0.356133802213497,103.3,-3.5
P,-0.0919567507988445,-0.266973081138851,-0.778146334315488,0.0679500214765815,-0.0645847982087103,-0.363200845695493,92.9,-1.6
Q,-0.288979459922788,-0.392637945356274,0.124666137980577,0.450488069829966,-0.0059529613399741,-0.499847205086856,119.2,-3.5
R,0.239906344998749,0.305936239337856,1.23416850647995,1.34724612413313,-0.320977708907299,0.392459418926985,162.2,-4.5
S,-0.680223534022325,-0.544984745620492,-0.420598437746768,0.339796335756191,-0.311888754276869,-0.866340035432497,85.6,-0.8
T,-0.402920868243815,-0.493873657904623,0.632490586327053,0.639912813245204,-0.219960179566819,-0.203346502923741,106.5,-0.7
V,0.327870498033353,0.0889194431407819,0.628668136440315,-0.16909183547528,0.403457395805903,0.530937161678766,141,4.2
W,0.936046340567402,1.06344073291427,-1.03031711393603,-3.60806070274734,0.0799300036902075,0.916781505870388,224.6,-0.9
Y,0.657186197449131,0.745701741143671,1.07034353932102,-0.518189091922729,0.26013656515677,0.961482010537264,177.7,-1.3
delta,16.1656135851934,0.14482660708457,0.344058486830258,1.31290970811619,2.45500645964198,0,0,0
