,KD,ddmbc_aa_ridge
A,1.8,-0.8318903828942877
R,-4.5,0.39245941892698455
N,-3.5,-0.35613380221349705
D,-3.5,-0.5820254041771233
C,2.5,-0.1945063050344543
Q,-3.5,-0.4998472050868564
E,-3.5,-0.020332389704593706
G,-0.4,-1.1435024895898958
H,-3.2,-0.37067999613498515
I,4.5,1.1564199555480057
L,3.8,0.9317519968982837
K,-3.9,-0.3110691589292203
M,1.9,0.4437537398633982
F,2.8,0.4092887284925637
P,-1.6,-0.36320084569549305
S,-0.8,-0.8663400354324974
T,-0.7,-0.2033465029237407
W,-0.9,0.916781505870388
Y,-1.3,0.9614820105372635
V,4.2,0.5309371616787656
