Parameter,ESM-IF1,Pythia,FoldX,KD,ddmbc_aa_ridge,DDGun3D
A,-0.3436673829064738,-0.3741875110072674,-0.5478610433089148,1.8,-0.8318903828942877,0.3697604230776632
C,0.163276808097711,0.2789621708360303,0.6991206389232623,2.5,-0.1945063050344543,1.0128581878086356
D,-0.7245454457504699,-0.5884957089057815,-0.7100004633265892,-3.5,-0.5820254041771233,0.0169128559060983
E,-0.272816352692793,-0.2504766135110062,-0.1635638283574848,-3.5,-0.0203323897045937,0.5040396494997368
F,0.4047447099648523,0.4499914662063453,0.51489389512439,2.8,0.4092887284925637,-0.7182160704598725
G,-0.7478280136097462,-0.7295918854986836,-1.0832469890911551,-0.4,-1.1435024895898958,0.6969494980949698
H,-0.3872492202952421,-0.0626113462380614,-1.0347169237980995,-3.2,-0.3706799961349851,-0.977365405133146
I,0.8105947454263913,0.5493820432687265,1.2035778610542909,4.5,1.1564199555480057,-0.1943308644192337
K,-0.4370892823082324,-0.4162443628957545,-0.8599981865516023,-3.9,-0.3110691589292203,0.5651075468235836
L,0.6680158872732731,0.3328586055210751,0.6464070311982444,3.8,0.9317519968982836,-0.385033826438765
M,0.5382887101586262,0.7316665454753128,0.0696972662616049,1.9,0.4437537398633982,0.0194997496637058
N,-0.3686539314187636,-0.4267821297672741,-0.1955842786785728,-3.5,-0.356133802213497,0.5397665212809282
P,-0.0919567507988445,-0.2669730811388509,-0.7781463343154884,-1.6,-0.363200845695493,0.0679500214765815
Q,-0.2889794599227879,-0.3926379453562735,0.1246661379805769,-3.5,-0.4998472050868564,0.4504880698299662
R,0.2399063449987485,0.3059362393378559,1.2341685064799517,-4.5,0.3924594189269845,1.347246124133126
S,-0.6802235340223245,-0.5449847456204918,-0.4205984377467683,-0.8,-0.8663400354324974,0.3397963357561906
T,-0.4029208682438145,-0.4938736579046231,0.6324905863270525,-0.7,-0.2033465029237407,0.6399128132452043
V,0.3278704980333529,0.0889194431407819,0.628668136440315,4.2,0.5309371616787656,-0.1690918354752795
W,0.9360463405674015,1.0634407329142717,-1.0303171139360348,-0.9,0.916781505870388,-3.608060702747344
Y,0.6571861974491311,0.7457017411436713,1.0703435393210192,-1.3,0.9614820105372636,-0.5181890919227292
delta,16.165613585193352,0.1448266070845698,0.344058486830258,0.0,0.0,1.312909708116192
